Read,Abundance
CACCGCGGTTATACGAGAGACCCTAGTTGATATATTCGGCGTAAAGAGTGGTTATGGAAAACAAGCACTAAAGCCAAAGAGCCCTCAGGCCGTTATACGCACCCGGGGCCTCGAACCACTATCACGAAAGTAGCTTTACCCTCGCCCACCAGAACCCACGAGAGCTGGGACACAAACTGGGATTAGATACCCCACTATG,3327
CACCGCGGTTATACGAGAGGCTCAAATTGATGAAAAACGGCGTAAAGCGTGGTTAAGAAAATAAGAGGAAATACGGCCGAACAACTTCAAAGCAGTTATACGCATCCGAAGTCACGAAGAACAATCACGAAAGTTGCCCTAAAATCTCCGATTCCACGAAAGCCATAAAACAAACTGGGATTAGATACCCCACTATG,3149
CACCGCGGTTATACGATAGGCCCAAGTTGACAGACCCCGGCGTAAAGCGTGGTTAGGGAAAATTTAAAACTAAAGCCGAACACCTTCAGGGCAGTCATACGCTTCCGAAGGCACGAAGCCCCTCCACGAAAGTGGCTTTACTACCCCCGACCCCACGAAAGCTAGGACACAAACTGGGATTAGATACCCCACTATG,1708
CACCGCGGTTATACGAGAGGCCCAAGTTGACAGACACCGGCGTAAAGCGTGGTTAAGGTATACCAAAACTAAAGCCGAACACCTTCAGGGCAGTTATACGCATCCGAAGGCACGAAGCCCCACCACGAAAGTGGCTTTATGAACCCTGACCCCACGAAAGCTATGACACAAACTGGGATTAGATACCCCACTATG,1368
CACCGCGGTTATACGAGAGGCCCTAGTTGATAACTACCGGCGTAAAGAGTGGTTACGGAAAAATATTTAATAAAGCCGAACACCCCCTCAGCCGTCATACGCACCTGGGGGCACGAAGATCTACTACGAAAGCAGCTTTAATTATACCTGAACCCACGACAGCTACGACACAAACTGGGATTAGATACCCCACTATG,1343
CACCGCGGTTATACGAGAGGCCCAAGTTGACAAACAACGGCGTAAAGAGTGGTTAGGGGATTTGCTAAACTAGAGCCGAACGCTTTCAAAGCTGTTATACGCACCCGAGAGTATGAAACCCAATTACGAAAGTAGCTCTACCTGTCCTGAACCCACGAAAGCTAAGAAACAAACTGGGATTAGATACCCCACTATG,952
CACCGCGGTTATACGAGAGGCTCAAATTGATGAAAAACGGCGTAAAGCGTGGTTAAGAAAACAAGAGAAAATATGGCCGAACAGCTTCAAAGCAGTTATACGCATCCGAAGTCACGAAGAACAATCACGAAAGTTGCCTTAAAACCTCTGATTCCACGAAAGCCATAAAACAAACTGGGATTAGATACCCCACTATG,417
CACCGCGGTTATACGAGAGGCCCAAGTTGACAAACAACGGCGTAAAGAGTGGTTAGGGAATTTACTAAACTAGAGCCGAACGCTTTCAAAGCTGTTATACGCACCCGAAAGTATGAAACCCAATTACGAAAGTAGCTCTACCTATCCTGAACCCACGAAAGCTAAGGAACAAACTGGGATTAGATACCCCACTATG,376
CACCGCGGTTATACGAGAGGCCCAAGTTGACAAACAACGGCGTAAAGAGTGGTTAGGGGATTTACTAAACTAGAGCCGAACGCTTTCAGAGCTGTTATACGCACCCGAAAGTATGAAACCCAATTACGAAAGTAGCTCTACTCATCCTGAACCCACGAAAGCTAAGAAACAAACTGGGATTAGATACCCCACTATG,211
CACCGCGGTTATACGAGAGGCCCAAATTGATGAAAAACGGCGTAAAGCGTGGTTAAGAAAAAAGAGAAAATATGGCCGAACAGCTTCAAAGCAGTTATACGCATCCGAAGTCACGAAGAACAATCACGAAAGTTGCCCTAAAACCTCCGATTCCACGAAAGCCATAAAACAAACTGGGATTAGATACCCCACTATG,32
CACCGCGGTTATACGAGAGACCCTAGTTGATATATTGGGCGTAAAGAGTGGTTATGGAAAACAAGCACTAAAGCCAAAGAGCCCTCAGGCCGGTATACGCACCCGGGGCCTCGAACCACTATCACGAAAGTAGCTTTACCCTCGCCCACCAGAACCCACGAGAGCTGGGACACAAACTGGGATTAGATACCCCACTCTG,21
